<Extensions><Version>1.5</Version><Panel>
    <PanelId>panel-2</PanelId>
    <Type>Home</Type>
    <Icon>Disc</Icon>
    <Order>2</Order>
    <Color>#FF3D67</Color>
    <Name>Room Availability</Name>
    <Page>
      <Name>Room Status</Name>
      <Row>
        <Name>Row</Name>
        <Widget>
          <WidgetId>textBoxDND</WidgetId>
          <Name>Room Available</Name>
          <Type>Text</Type>
          <Options>size=3;align=center;fontSize=small</Options>
        </Widget>
        <Widget>
          <WidgetId>DNDToggle</WidgetId>
          <Type>ToggleButton</Type>
          <Options>size=1</Options>
        </Widget>
        <Widget>
          <WidgetId>textBoxProximity</WidgetId>
          <Name>Proximity On</Name>
          <Type>Text</Type>
          <Options>size=3;align=center;fontSize=small</Options>
        </Widget>
        <Widget>
          <WidgetId>ProximityOnOff</WidgetId>
          <Type>ToggleButton</Type>
          <Options>size=1</Options>
        </Widget>
      </Row>
      <Row>
        <Name>Row</Name>
      </Row>
      <Options>hideRowNames=1</Options>
    </Page>
  </Panel>
  </Extensions>